"StateName","state_id","DistrictName","DISTRICT_ID","TotalUAM","General","SC","ST","OBC","_CreatedDate"
"ANDHRA PRADESH","28","ANANTHAPUR","520","9813","4612","1147","572","3482","2020-06-30T08:30:29.070"
"ANDHRA PRADESH","28","CHITOOR","511","19508","8551","3427","913","6617","2020-06-30T08:30:29.070"
"ANDHRA PRADESH","28","EAST GODAVARI","512","13874","7017","2197","167","4493","2020-06-30T08:30:29.070"
"ANDHRA PRADESH","28","GUNTUR","509","14824","8822","1997","537","3468","2020-06-30T08:30:29.070"
"ANDHRA PRADESH","28","KRISHNA","517","13520","9023","1578","239","2680","2020-06-30T08:30:29.070"
"ANDHRA PRADESH","28","KURNOOL","506","9735","4583","2313","265","2574","2020-06-30T08:30:29.070"
"ANDHRA PRADESH","28","PRAKASAM","510","32874","9412","9575","983","12904","2020-06-30T08:30:29.070"
"ANDHRA PRADESH","28","SPSR NELLORE","518","48534","8351","14959","4449","20775","2020-06-30T08:30:29.070"
"ANDHRA PRADESH","28","SRIKAKULAM","522","3796","1050","307","90","2349","2020-06-30T08:30:29.070"
"ANDHRA PRADESH","28","VISAKHAPATNAM","519","17395","8589","1221","279","7306","2020-06-30T08:30:29.070"
"ANDHRA PRADESH","28","VIZIANAGARAM","513","12827","3757","1546","1734","5790","2020-06-30T08:30:29.070"
"ANDHRA PRADESH","28","WEST GODAVARI","505","18527","9065","2654","177","6631","2020-06-30T08:30:29.070"
"ANDHRA PRADESH","28","Y.S.R","503","33351","9580","6192","1235","16344","2020-06-30T08:30:29.070"
"ARUNACHAL PRADESH","12","ANJAW","628","11","1","1","4","5","2020-06-30T08:30:36.007"
"ARUNACHAL PRADESH","12","CHANGLANG","269","36","16","1","14","5","2020-06-30T08:30:36.007"
"ARUNACHAL PRADESH","12","DIBANG VALLEY","267","11","2","2","3","4","2020-06-30T08:30:36.007"
"ARUNACHAL PRADESH","12","EAST KAMENG","260","16","2","3","9","2","2020-06-30T08:30:36.007"
"ARUNACHAL PRADESH","12","EAST SIANG","265","47","13","5","24","5","2020-06-30T08:30:36.007"
"ARUNACHAL PRADESH","12","KRA DAADI","722","1","0","0","1","0","2020-06-30T08:30:36.007"
"ARUNACHAL PRADESH","12","KURUNG KUMEY","631","12","4","0","8","0","2020-06-30T08:30:36.007"
"ARUNACHAL PRADESH","12","LOHIT","268","53","22","1","20","10","2020-06-30T08:30:36.007"
"ARUNACHAL PRADESH","12","LONGDING","630","3","2","0","1","0","2020-06-30T08:30:36.007"
"ARUNACHAL PRADESH","12","LOWER DIBANG VALLEY","629","52","13","1","35","3","2020-06-30T08:30:36.007"
"ARUNACHAL PRADESH","12","LOWER SUBANSIRI","262","67","5","0","60","2","2020-06-30T08:30:36.007"
"ARUNACHAL PRADESH","12","PAPUM PARE","261","420","109","10","289","12","2020-06-30T08:30:36.007"
"ARUNACHAL PRADESH","12","TAWANG","258","13","8","1","2","2","2020-06-30T08:30:36.007"
"ARUNACHAL PRADESH","12","TIRAP","270","8","0","2","6","0","2020-06-30T08:30:36.007"
"ARUNACHAL PRADESH","12","UPPER SIANG","266","10","1","0","9","0","2020-06-30T08:30:36.007"
"ARUNACHAL PRADESH","12","UPPER SUBANSIRI","263","43","3","1","39","0","2020-06-30T08:30:36.007"
"ARUNACHAL PRADESH","12","WEST KAMENG","259","44","14","2","27","1","2020-06-30T08:30:36.007"
"ARUNACHAL PRADESH","12","WEST SIANG","264","46","13","4","29","0","2020-06-30T08:30:36.007"
"ASSAM","18","BAKSA","651","196","59","13","102","22","2020-06-30T08:30:41.563"
"ASSAM","18","BARPETA","311","461","412","19","3","27","2020-06-30T08:30:41.563"
"ASSAM","18","Biswanath","725","43","18","1","6","18","2020-06-30T08:30:41.563"
"ASSAM","18","BONGAIGAON","310","240","160","20","6","54","2020-06-30T08:30:41.563"
"ASSAM","18","CACHAR","327","567","414","69","8","76","2020-06-30T08:30:41.563"
"ASSAM","18","CHIRANG","652","125","62","12","38","13","2020-06-30T08:30:41.563"
"ASSAM","18","DARRANG","314","223","180","7","5","31","2020-06-30T08:30:41.563"
"ASSAM","18","DHEMAJI","653","325","45","17","73","190","2020-06-30T08:30:41.563"
"ASSAM","18","DHUBRI","308","317","262","16","0","39","2020-06-30T08:30:41.563"
"ASSAM","18","DIBRUGARH","321","850","475","44","45","286","2020-06-30T08:30:41.563"
"ASSAM","18","DIMA HASAO","654","28","11","0","13","4","2020-06-30T08:30:41.563"
"ASSAM","18","GOALPARA","309","246","202","11","15","18","2020-06-30T08:30:41.563"
"ASSAM","18","GOLAGHAT","324","605","318","43","30","214","2020-06-30T08:30:41.563"
"ASSAM","18","HAILAKANDI","329","151","127","8","1","15","2020-06-30T08:30:41.563"
"ASSAM","18","HOJAI","727","1","1","0","0","0","2020-06-30T08:30:41.563"
"ASSAM","18","JORHAT","323","323","222","14","9","78","2020-06-30T08:30:41.563"
"ASSAM","18","KAMRUP","312","941","754","38","31","118","2020-06-30T08:30:41.563"
"ASSAM","18","KAMRUP METRO","319","3033","2362","169","106","396","2020-06-30T08:30:41.563"
"ASSAM","18","KARBI-ANGELONG","325","207","83","21","48","55","2020-06-30T08:30:41.563"
"ASSAM","18","KARIMGANJ","328","310","234","24","1","51","2020-06-30T08:30:41.563"
"ASSAM","18","KOKRAJHAR","307","169","76","7","61","25","2020-06-30T08:30:41.563"
"ASSAM","18","LAKHIMPUR","318","339","146","18","24","151","2020-06-30T08:30:41.563"
"ASSAM","18","MAJULI","728","6","0","0","2","4","2020-06-30T08:30:41.563"
"ASSAM","18","MARIGAON","315","170","107","8","11","44","2020-06-30T08:30:41.563"
"ASSAM","18","NAGAON","316","872","658","67","5","142","2020-06-30T08:30:41.563"
"ASSAM","18","NALBARI","313","166","141","6","3","16","2020-06-30T08:30:41.563"
"ASSAM","18","SIVASAGAR","322","427","202","22","11","192","2020-06-30T08:30:41.563"
"ASSAM","18","SONITPUR","317","609","355","45","33","176","2020-06-30T08:30:41.563"
"ASSAM","18","TINSUKIA","320","606","402","22","9","173","2020-06-30T08:30:41.563"
"ASSAM","18","UDALGURI","326","164","44","21","62","37","2020-06-30T08:30:41.563"
"ASSAM","18","WEST KARBI ANGLONG","730","1","0","0","0","1","2020-06-30T08:30:41.563"
"BIHAR","10","ARARIA","223","38606","6120","3962","1452","27072","2020-06-30T08:30:47.223"
"BIHAR","10","ARWAL","613","1921","497","274","39","1111","2020-06-30T08:30:47.223"
"BIHAR","10","AURANGABAD","250","3701","1452","376","112","1761","2020-06-30T08:30:47.223"
"BIHAR","10","BANKA","239","9793","2510","1062","290","5931","2020-06-30T08:30:47.223"
"BIHAR","10","BEGUSARAI","236","22450","6017","3988","604","11841","2020-06-30T08:30:47.223"
"BIHAR","10","BHAGALPUR","238","16161","6614","1398","415","7734","2020-06-30T08:30:47.223"
"BIHAR","10","BHOJPUR","245","4400","1641","522","80","2157","2020-06-30T08:30:47.223"
"BIHAR","10","BUXAR","246","3748","1222","474","89","1963","2020-06-30T08:30:47.223"
"BIHAR","10","DARBHANGA","229","32985","6582","6751","1912","17740","2020-06-30T08:30:47.223"
"BIHAR","10","GAYA","251","14843","4213","3192","226","7212","2020-06-30T08:30:47.223"
"BIHAR","10","GOPALGANJ","231","6846","2241","568","325","3712","2020-06-30T08:30:47.223"
"BIHAR","10","JAMUI","253","7443","1696","1561","206","3980","2020-06-30T08:30:47.223"
"BIHAR","10","JEHANABAD","249","2468","775","394","64","1235","2020-06-30T08:30:47.223"
"BIHAR","10","KAIMUR (BHABUA)","247","3849","1021","783","137","1908","2020-06-30T08:30:47.223"
"BIHAR","10","KATIHAR","226","12114","4819","730","651","5914","2020-06-30T08:30:47.223"
"BIHAR","10","KHAGARIA","237","10143","2245","1213","354","6331","2020-06-30T08:30:47.223"
"BIHAR","10","KISHANGANJ","224","12196","6864","693","306","4333","2020-06-30T08:30:47.223"
"BIHAR","10","LAKHISARAI","241","6093","1594","873","104","3522","2020-06-30T08:30:47.223"
"BIHAR","10","MADHEPURA","227","6211","1240","845","233","3893","2020-06-30T08:30:47.223"
"BIHAR","10","MADHUBANI","221","19775","5039","2500","465","11771","2020-06-30T08:30:47.223"
"BIHAR","10","MUNGER","240","6143","1525","720","174","3724","2020-06-30T08:30:47.223"
"BIHAR","10","MUZAFFARPUR","230","55962","14164","7335","2989","31474","2020-06-30T08:30:47.223"
"BIHAR","10","NALANDA","243","15116","2928","4274","505","7409","2020-06-30T08:30:47.223"
"BIHAR","10","NAWADA","252","5126","1540","963","137","2486","2020-06-30T08:30:47.223"
"BIHAR","10","PASHCHIM  CHAMPARAN","217","36622","8809","4487","2210","21116","2020-06-30T08:30:47.223"
"BIHAR","10","PATNA","244","45919","17652","6315","1318","20634","2020-06-30T08:30:47.223"
"BIHAR","10","PURBI  CHAMPARAN","218","34664","7791","4119","1443","21311","2020-06-30T08:30:47.223"
"BIHAR","10","PURNIA","225","21150","5202","2501","1052","12395","2020-06-30T08:30:47.223"
"BIHAR","10","ROHTAS","248","15799","3419","3122","800","8458","2020-06-30T08:30:47.223"
"BIHAR","10","SAHARSA","228","14527","3344","1616","526","9041","2020-06-30T08:30:47.223"
"BIHAR","10","SAMASTIPUR","235","30383","6670","6556","1327","15830","2020-06-30T08:30:47.223"
"BIHAR","10","SARAN","233","15210","4629","2296","479","7806","2020-06-30T08:30:47.223"
"BIHAR","10","SHEIKHPURA","242","2208","675","391","38","1104","2020-06-30T08:30:47.223"
"BIHAR","10","SHEOHAR","219","4690","1375","434","175","2706","2020-06-30T08:30:47.223"
"BIHAR","10","SITAMARHI","220","32969","8541","4125","1305","18998","2020-06-30T08:30:47.223"
"BIHAR","10","SIWAN","232","5844","2270","400","273","2901","2020-06-30T08:30:47.223"
"BIHAR","10","SUPAUL","222","10428","1815","1575","474","6564","2020-06-30T08:30:47.223"
"BIHAR","10","VAISHALI","234","29818","6028","7132","1072","15586","2020-06-30T08:30:47.223"
"CHHATTISGARH","22","BALOD","673","2614","340","141","334","1799","2020-06-30T08:30:56.413"
"CHHATTISGARH","22","BALOD BAZAR","674","3321","624","421","227","2049","2020-06-30T08:30:56.413"
"CHHATTISGARH","22","BALRAMPUR","677","382","171","14","105","92","2020-06-30T08:30:56.413"
"CHHATTISGARH","22","BASTAR","380","906","412","29","201","264","2020-06-30T08:30:56.413"
"CHHATTISGARH","22","BEMETARA","675","1292","331","115","26","820","2020-06-30T08:30:56.413"
"CHHATTISGARH","22","BIJAPUR","676","30","9","5","4","12","2020-06-30T08:30:56.413"
"CHHATTISGARH","22","BILASPUR","372","5950","2347","718","602","2283","2020-06-30T08:30:56.413"
"CHHATTISGARH","22","DANTEWADA","381","246","177","15","27","27","2020-06-30T08:30:56.413"
"CHHATTISGARH","22","DHAMTARI","378","1591","332","80","66","1113","2020-06-30T08:30:56.413"
"CHHATTISGARH","22","DURG","375","7671","4181","456","171","2863","2020-06-30T08:30:56.413"
"CHHATTISGARH","22","GARIABAND","681","922","114","57","125","626","2020-06-30T08:30:56.413"
"CHHATTISGARH","22","JANJGIR-CHAMPA","371","2751","700","568","112","1371","2020-06-30T08:30:56.413"
"CHHATTISGARH","22","JASHPUR","368","346","205","9","47","85","2020-06-30T08:30:56.413"
"CHHATTISGARH","22","KABIRDHAM","373","951","244","77","134","496","2020-06-30T08:30:56.413"
"CHHATTISGARH","22","KANKER","379","805","337","31","182","255","2020-06-30T08:30:56.413"
"CHHATTISGARH","22","KONDAGAON","678","574","191","44","139","200","2020-06-30T08:30:56.413"
"CHHATTISGARH","22","KORBA","370","2319","1395","151","210","563","2020-06-30T08:30:56.413"
"CHHATTISGARH","22","KOREA","366","783","418","34","108","223","2020-06-30T08:30:56.413"
"CHHATTISGARH","22","MAHASAMUND","377","1537","537","103","122","775","2020-06-30T08:30:56.413"
"CHHATTISGARH","22","MUNGELI","679","554","244","74","28","208","2020-06-30T08:30:56.413"
"CHHATTISGARH","22","NARAYANPUR","680","37","23","1","3","10","2020-06-30T08:30:56.413"
"CHHATTISGARH","22","RAIGARH","369","2448","1390","241","92","725","2020-06-30T08:30:56.413"
"CHHATTISGARH","22","RAIPUR","376","13012","8384","681","164","3783","2020-06-30T08:30:56.413"
"CHHATTISGARH","22","RAJNANDAGAON","374","3205","976","250","289","1690","2020-06-30T08:30:56.413"
"CHHATTISGARH","22","SUKMA","682","20","15","0","0","5","2020-06-30T08:30:56.413"
"CHHATTISGARH","22","SURAJPUR","683","646","362","17","79","188","2020-06-30T08:30:56.413"
"CHHATTISGARH","22","SURGUJA","367","914","675","12","75","152","2020-06-30T08:30:56.413"
"GOA","30","NORTH GOA","551","3694","3224","87","31","352","2020-06-30T08:31:02.280"
"GOA","30","SOUTH GOA","552","2685","2322","64","56","243","2020-06-30T08:31:02.280"
"GUJARAT","24","AHMADABAD","433","105716","92076","3344","570","9726","2020-06-30T08:31:07.933"
"GUJARAT","24","AMRELI","439","1825","1082","146","11","586","2020-06-30T08:31:07.933"
"GUJARAT","24","ANAND","441","6949","6014","166","47","722","2020-06-30T08:31:07.933"
"GUJARAT","24","ARVALLI","655","541","324","25","17","175","2020-06-30T08:31:07.933"
"GUJARAT","24","BANAS KANTHA","428","3312","1877","153","27","1255","2020-06-30T08:31:07.933"
"GUJARAT","24","BHARUCH","447","8997","7572","242","168","1015","2020-06-30T08:31:07.933"
"GUJARAT","24","BHAVNAGAR","440","10019","6767","299","47","2906","2020-06-30T08:31:07.933"
"GUJARAT","24","BOTAD","656","570","281","20","3","266","2020-06-30T08:31:07.933"
"GUJARAT","24","CHHOTAUDEPUR","657","793","313","39","360","81","2020-06-30T08:31:07.933"
"GUJARAT","24","DANG","449","47","30","3","8","6","2020-06-30T08:31:07.933"
"GUJARAT","24","DEVBHOOMI DWARKA","658","981","587","28","9","357","2020-06-30T08:31:07.933"
"GUJARAT","24","DOHAD","444","1026","526","30","355","115","2020-06-30T08:31:07.933"
"GUJARAT","24","GANDHINAGAR","432","8585","6446","437","85","1617","2020-06-30T08:31:07.933"
"GUJARAT","24","GIR SOMNATH","659","1481","756","111","12","602","2020-06-30T08:31:07.933"
"GUJARAT","24","JAMNAGAR","436","5795","4458","145","47","1145","2020-06-30T08:31:07.933"
"GUJARAT","24","JUNAGADH","438","4033","2897","199","47","890","2020-06-30T08:31:07.933"
"GUJARAT","24","KACHCHH","427","9580","7935","390","46","1209","2020-06-30T08:31:07.933"
"GUJARAT","24","KHEDA","442","2516","2090","108","14","304","2020-06-30T08:31:07.933"
"GUJARAT","24","MAHESANA","430","4069","2936","120","29","984","2020-06-30T08:31:07.933"
"GUJARAT","24","MAHISAGAR","670","365","253","16","19","77","2020-06-30T08:31:07.933"
"GUJARAT","24","MORBI","671","2798","2412","73","7","306","2020-06-30T08:31:07.933"
"GUJARAT","24","NARMADA","446","394","266","11","68","49","2020-06-30T08:31:07.933"
"GUJARAT","24","NAVSARI","450","4101","3143","146","172","640","2020-06-30T08:31:07.933"
"GUJARAT","24","PANCH MAHALS","443","2018","1402","60","88","468","2020-06-30T08:31:07.933"
"GUJARAT","24","PATAN","429","1105","779","57","8","261","2020-06-30T08:31:07.933"
"GUJARAT","24","PORBANDAR","437","1435","958","46","18","413","2020-06-30T08:31:07.933"
"GUJARAT","24","RAJKOT","435","36506","30568","846","175","4917","2020-06-30T08:31:07.933"
"GUJARAT","24","SABAR KANTHA","431","1629","1182","114","37","296","2020-06-30T08:31:07.933"
"GUJARAT","24","SURAT","448","115789","107503","1179","612","6495","2020-06-30T08:31:07.933"
"GUJARAT","24","SURENDRANAGAR","434","1660","1007","143","8","502","2020-06-30T08:31:07.933"
"GUJARAT","24","TAPI","672","1025","635","24","255","111","2020-06-30T08:31:07.933"
"GUJARAT","24","VADODARA","445","38567","33573","1372","520","3102","2020-06-30T08:31:07.933"
"GUJARAT","24","VALSAD","451","10936","9071","261","464","1140","2020-06-30T08:31:07.933"
"HARYANA","6","AMBALA","89","4954","3946","419","6","583","2020-06-30T08:31:16.513"
"HARYANA","6","BHIWANI","100","2770","1974","377","6","413","2020-06-30T08:31:16.513"
"HARYANA","6","FARIDABAD","106","14064","11981","604","36","1443","2020-06-30T08:31:16.513"
"HARYANA","6","FATEHABAD","97","3722","2059","994","3","666","2020-06-30T08:31:16.513"
"HARYANA","6","GURUGRAM","105","20051","16437","634","56","2924","2020-06-30T08:31:16.513"
"HARYANA","6","HISAR","99","7356","5125","1015","11","1205","2020-06-30T08:31:16.513"
"HARYANA","6","JHAJJAR","102","2337","1739","223","7","368","2020-06-30T08:31:16.513"
"HARYANA","6","JIND","96","4987","3650","454","6","877","2020-06-30T08:31:16.513"
"HARYANA","6","KAITHAL","92","5281","2753","1021","15","1492","2020-06-30T08:31:16.513"
"HARYANA","6","KARNAL","93","9039","7186","676","14","1163","2020-06-30T08:31:16.513"
"HARYANA","6","KURUKSHETRA","91","4384","3438","258","7","681","2020-06-30T08:31:16.513"
"HARYANA","6","MAHENDRAGARH","103","1763","893","112","5","753","2020-06-30T08:31:16.513"
"HARYANA","6","NUH","685","1384","496","183","3","702","2020-06-30T08:31:16.513"
"HARYANA","6","PALWAL","684","2169","1540","254","10","365","2020-06-30T08:31:16.513"
"HARYANA","6","PANCHKULA","88","3663","3183","176","3","301","2020-06-30T08:31:16.513"
"HARYANA","6","PANIPAT","94","9923","6857","982","35","2049","2020-06-30T08:31:16.513"
"HARYANA","6","REWARI","104","2308","1373","130","6","799","2020-06-30T08:31:16.513"
"HARYANA","6","ROHTAK","101","2786","2254","186","5","341","2020-06-30T08:31:16.513"
"HARYANA","6","SIRSA","98","5593","3641","774","9","1169","2020-06-30T08:31:16.513"
"HARYANA","6","SONIPAT","95","5085","3939","339","15","792","2020-06-30T08:31:16.513"
"HARYANA","6","YAMUNANAGAR","90","5794","4469","438","8","879","2020-06-30T08:31:16.513"
"HIMACHAL PRADESH","2","BILASPUR","52","228","171","38","6","13","2020-06-30T08:31:22.967"
"HIMACHAL PRADESH","2","CHAMBA","45","507","383","44","73","7","2020-06-30T08:31:22.967"
"HIMACHAL PRADESH","2","HAMIRPUR","50","348","271","54","1","22","2020-06-30T08:31:22.967"
"HIMACHAL PRADESH","2","KANGRA","46","1873","1258","226","90","299","2020-06-30T08:31:22.967"
"HIMACHAL PRADESH","2","KINNAUR","56","106","31","5","68","2","2020-06-30T08:31:22.967"
"HIMACHAL PRADESH","2","KULLU","48","780","627","94","39","20","2020-06-30T08:31:22.967"
"HIMACHAL PRADESH","2","LAHUL AND SPITI","47","19","3","0","16","0","2020-06-30T08:31:22.967"
"HIMACHAL PRADESH","2","MANDI","49","908","705","176","9","18","2020-06-30T08:31:22.967"
"HIMACHAL PRADESH","2","SHIMLA","55","1376","1137","217","14","8","2020-06-30T08:31:22.967"
"HIMACHAL PRADESH","2","SIRMAUR","54","449","331","64","1","53","2020-06-30T08:31:22.967"
"HIMACHAL PRADESH","2","SOLAN","53","2101","1730","229","32","110","2020-06-30T08:31:22.967"
"HIMACHAL PRADESH","2","UNA","51","1014","639","210","9","156","2020-06-30T08:31:22.967"
"JHARKHAND","20","BOKARO ","348","10055","5789","588","253","3425","2020-06-30T08:31:28.577"
"JHARKHAND","20","CHATRA","349","1856","571","175","54","1056","2020-06-30T08:31:28.577"
"JHARKHAND","20","DEOGHAR","350","2837","1263","107","28","1439","2020-06-30T08:31:28.577"
"JHARKHAND","20","DHANBAD","351","9954","6239","476","158","3081","2020-06-30T08:31:28.577"
"JHARKHAND","20","DUMKA","352","1998","687","65","107","1139","2020-06-30T08:31:28.577"
"JHARKHAND","20","EAST SINGHBHUM","353","21021","15979","446","762","3834","2020-06-30T08:31:28.577"
"JHARKHAND","20","GARHWA ","354","3419","639","538","197","2045","2020-06-30T08:31:28.577"
"JHARKHAND","20","GIRIDIH","355","8931","3993","476","138","4324","2020-06-30T08:31:28.577"
"JHARKHAND","20","GODDA","356","2549","674","104","69","1702","2020-06-30T08:31:28.577"
"JHARKHAND","20","GUMLA ","357","1633","539","35","713","346","2020-06-30T08:31:28.577"
"JHARKHAND","20","HAZARIBAG ","358","9196","2402","1012","335","5447","2020-06-30T08:31:28.577"
"JHARKHAND","20","JAMTARA","359","641","229","28","26","358","2020-06-30T08:31:28.577"
"JHARKHAND","20","KHUNTI ","360","2099","1503","48","227","321","2020-06-30T08:31:28.577"
"JHARKHAND","20","KODERMA ","361","2146","754","271","52","1069","2020-06-30T08:31:28.577"
"JHARKHAND","20","LATEHAR","362","494","242","18","50","184","2020-06-30T08:31:28.577"
"JHARKHAND","20","LOHARDAGA ","363","1380","442","35","231","672","2020-06-30T08:31:28.577"
"JHARKHAND","20","PAKUR ","364","1189","594","27","52","516","2020-06-30T08:31:28.577"
"JHARKHAND","20","PALAMU","365","3151","1054","358","120","1619","2020-06-30T08:31:28.577"
"JHARKHAND","20","RAMGARH ","619","3932","1762","216","278","1676","2020-06-30T08:31:28.577"
"JHARKHAND","20","RANCHI ","620","17741","9666","463","1873","5739","2020-06-30T08:31:28.577"
"JHARKHAND","20","SAHEBGANJ","621","1309","574","41","33","661","2020-06-30T08:31:28.577"
"JHARKHAND","20","SERAIKELA-KHARSAWAN  ","622","5605","3617","111","328","1549","2020-06-30T08:31:28.577"
"JHARKHAND","20","SIMDEGA ","623","388","134","19","90","145","2020-06-30T08:31:28.577"
"JHARKHAND","20","WEST SINGHBHUM","624","2174","1180","62","410","522","2020-06-30T08:31:28.577"
"KARNATAKA","29","BAGALKOT","525","3895","1973","367","79","1476","2020-06-30T08:31:34.810"
"KARNATAKA","29","BALLARI","535","3557","1956","342","211","1048","2020-06-30T08:31:34.810"
"KARNATAKA","29","BELAGAVI","524","22764","10229","1519","600","10416","2020-06-30T08:31:34.810"
"KARNATAKA","29","BENGALURU (RURAL)","544","12151","9769","508","118","1756","2020-06-30T08:31:34.810"
"KARNATAKA","29","BENGALURU (URBAN)","543","96831","78944","4534","825","12528","2020-06-30T08:31:34.810"
"KARNATAKA","29","BIDAR","528","2449","1113","397","117","822","2020-06-30T08:31:34.810"
"KARNATAKA","29","CHAMARAJNAGAR","550","1036","652","104","36","244","2020-06-30T08:31:34.810"
"KARNATAKA","29","CHIKBALLAPUR","686","1394","924","123","56","291","2020-06-30T08:31:34.810"
"KARNATAKA","29","CHIKKAMAGALURU","540","2510","1561","178","64","707","2020-06-30T08:31:34.810"
"KARNATAKA","29","CHITRADURGA","536","2108","1160","308","141","499","2020-06-30T08:31:34.810"
"KARNATAKA","29","DAKSHIN KANNAD","547","8235","4697","207","147","3184","2020-06-30T08:31:34.810"
"KARNATAKA","29","DAVANGERE","537","3632","2066","352","208","1006","2020-06-30T08:31:34.810"
"KARNATAKA","29","DHARWAD","532","14240","7420","996","318","5506","2020-06-30T08:31:34.810"
"KARNATAKA","29","GADAG","531","2078","980","163","48","887","2020-06-30T08:31:34.810"
"KARNATAKA","29","HASSAN","546","2405","1295","238","30","842","2020-06-30T08:31:34.810"
"KARNATAKA","29","HAVERI","534","2425","1393","165","79","788","2020-06-30T08:31:34.810"
"KARNATAKA","29","KALABURAGI","527","2736","1529","338","33","836","2020-06-30T08:31:34.810"
"KARNATAKA","29","KODAGU","548","958","540","54","18","346","2020-06-30T08:31:34.810"
"KARNATAKA","29","KOLAR","542","1948","1013","354","49","532","2020-06-30T08:31:34.810"
"KARNATAKA","29","KOPPAL","530","1095","610","88","44","353","2020-06-30T08:31:34.810"
"KARNATAKA","29","MANDYA","545","1663","1303","82","5","273","2020-06-30T08:31:34.810"
"KARNATAKA","29","MYSURU","549","9016","6212","502","276","2026","2020-06-30T08:31:34.810"
"KARNATAKA","29","RAICHUR","529","1975","998","185","101","691","2020-06-30T08:31:34.810"
"KARNATAKA","29","RAMANAGARA","687","1735","1059","151","17","508","2020-06-30T08:31:34.810"
"KARNATAKA","29","SHIVAMOGGA","538","3105","1795","213","61","1036","2020-06-30T08:31:34.810"
"KARNATAKA","29","TUMAKURU","541","3347","2160","268","118","801","2020-06-30T08:31:34.810"
"KARNATAKA","29","UDUPI","539","3988","1667","120","97","2104","2020-06-30T08:31:34.810"
"KARNATAKA","29","UTTAR KANNAD","533","3665","1634","220","47","1764","2020-06-30T08:31:34.810"
"KARNATAKA","29","VIJAYAPURA","526","4662","2199","734","38","1691","2020-06-30T08:31:34.810"
"KARNATAKA","29","YADGIR","688","1148","536","146","60","406","2020-06-30T08:31:34.810"
"KERALA","32","ALAPPUZHA","564","4405","2666","158","7","1574","2020-06-30T08:31:42.877"
"KERALA","32","ERNAKULAM","561","14381","9992","337","18","4034","2020-06-30T08:31:42.877"
"KERALA","32","IDUKKI","562","1670","1119","94","30","427","2020-06-30T08:31:42.877"
"KERALA","32","KANNUR","555","3105","1879","61","5","1160","2020-06-30T08:31:42.877"
"KERALA","32","KASARAGOD","554","1648","873","39","19","717","2020-06-30T08:31:42.877"
"KERALA","32","KOLLAM","566","4231","2433","119","6","1673","2020-06-30T08:31:42.877"
"KERALA","32","KOTTAYAM","563","3346","2408","110","11","817","2020-06-30T08:31:42.877"
"KERALA","32","KOZHIKODE","557","3215","1565","92","4","1554","2020-06-30T08:31:42.877"
"KERALA","32","MALAPPURAM","558","3192","1561","80","14","1537","2020-06-30T08:31:42.877"
"KERALA","32","PALAKKAD","559","3212","1699","157","10","1346","2020-06-30T08:31:42.877"
"KERALA","32","PATHANAMTHIPTA","565","2104","1534","109","8","453","2020-06-30T08:31:42.877"
"KERALA","32","THIRUVANANTHAPURAM","567","14477","8132","698","29","5618","2020-06-30T08:31:42.877"
"KERALA","32","THRISSUR","560","5955","3859","246","11","1839","2020-06-30T08:31:42.877"
"KERALA","32","WAYANAD","556","636","368","20","11","237","2020-06-30T08:31:42.877"
"MADHYA PRADESH","23","AGAR MALWA","689","4718","1025","714","55","2924","2020-06-30T08:31:49.010"
"MADHYA PRADESH","23","ALIRAJPUR","690","4140","388","139","2662","951","2020-06-30T08:31:49.010"
"MADHYA PRADESH","23","ANUPPUR","691","7275","1978","758","2024","2515","2020-06-30T08:31:49.010"
"MADHYA PRADESH","23","ASHOKNAGAR","692","7325","3012","775","72","3466","2020-06-30T08:31:49.010"
"MADHYA PRADESH","23","BALAGHAT","426","20193","4360","1729","1428","12676","2020-06-30T08:31:49.010"
"MADHYA PRADESH","23","BARWANI","409","9143","1389","665","1915","5174","2020-06-30T08:31:49.010"
"MADHYA PRADESH","23","BETUL","416","11137","1665","1646","1061","6765","2020-06-30T08:31:49.010"
"MADHYA PRADESH","23","BHIND","384","10737","5285","2093","104","3255","2020-06-30T08:31:49.010"
"MADHYA PRADESH","23","BHOPAL","413","29340","18517","1867","438","8518","2020-06-30T08:31:49.010"
"MADHYA PRADESH","23","BURHANPUR","386","8861","2824","549","315","5173","2020-06-30T08:31:49.010"
"MADHYA PRADESH","23","CHHATARPUR","390","13246","5638","1474","161","5973","2020-06-30T08:31:49.010"
"MADHYA PRADESH","23","CHHINDWARA","424","13846","2276","1728","1336","8506","2020-06-30T08:31:49.010"
"MADHYA PRADESH","23","DAMOH","393","13121","3916","1703","451","7051","2020-06-30T08:31:49.010"
"MADHYA PRADESH","23","DATIA","693","4574","1610","816","27","2121","2020-06-30T08:31:49.010"
"MADHYA PRADESH","23","DEWAS","404","21949","11742","2336","275","7596","2020-06-30T08:31:49.010"
"MADHYA PRADESH","23","DHAR","406","33606","7707","3255","7795","14849","2020-06-30T08:31:49.010"
"MADHYA PRADESH","23","DINDORI","694","6327","574","456","2775","2522","2020-06-30T08:31:49.010"
"MADHYA PRADESH","23","EAST NIMAR","410","9566","5013","619","571","3363","2020-06-30T08:31:49.010"
"MADHYA PRADESH","23","GUNA","388","13788","4069","2223","297","7199","2020-06-30T08:31:49.010"
"MADHYA PRADESH","23","GWALIOR","385","24574","8760","3910","231","11673","2020-06-30T08:31:49.010"
"MADHYA PRADESH","23","HARDA","417","6511","3010","634","463","2404","2020-06-30T08:31:49.010"
"MADHYA PRADESH","23","HOSHANGABAD","418","13593","5200","1207","283","6903","2020-06-30T08:31:49.010"
"MADHYA PRADESH","23","INDORE","407","30291","19830","1866","615","7980","2020-06-30T08:31:49.010"
"MADHYA PRADESH","23","JABALPUR","420","18321","12786","938","264","4333","2020-06-30T08:31:49.010"
"MADHYA PRADESH","23","JHABUA","405","13966","1787","586","9360","2233","2020-06-30T08:31:49.010"
"MADHYA PRADESH","23","KATNI","419","13115","7474","1300","1175","3166","2020-06-30T08:31:49.010"
"MADHYA PRADESH","23","KHARGONE","408","10629","3411","811","828","5579","2020-06-30T08:31:49.010"
"MADHYA PRADESH","23","MANDLA","423","6001","963","679","1690","2669","2020-06-30T08:31:49.010"
"MADHYA PRADESH","23","MANDSAUR","400","7541","2729","685","68","4059","2020-06-30T08:31:49.010"
"MADHYA PRADESH","23","MORENA","383","10201","5710","1097","88","3306","2020-06-30T08:31:49.010"
"MADHYA PRADESH","23","NARSINGHPUR","421","7915","2141","1149","667","3958","2020-06-30T08:31:49.010"
"MADHYA PRADESH","23","NEEMUCH","399","10310","2811","1443","511","5545","2020-06-30T08:31:49.010"
"MADHYA PRADESH","23","PANNA","391","8079","3666","1278","349","2786","2020-06-30T08:31:49.010"
"MADHYA PRADESH","23","RAISEN","415","20016","8560","1566","695","9195","2020-06-30T08:31:49.010"
"MADHYA PRADESH","23","RAJGARH","411","9411","1947","1409","218","5837","2020-06-30T08:31:49.010"
"MADHYA PRADESH","23","RATLAM","401","12804","5567","1056","2122","4059","2020-06-30T08:31:49.010"
"MADHYA PRADESH","23","REWA","395","13199","7981","1169","519","3530","2020-06-30T08:31:49.010"
"MADHYA PRADESH","23","SAGAR","392","16368","3724","2532","821","9291","2020-06-30T08:31:49.010"
"MADHYA PRADESH","23","SATNA","394","10968","6331","1215","162","3260","2020-06-30T08:31:49.010"
"MADHYA PRADESH","23","SEHORE","414","17984","8596","2694","661","6033","2020-06-30T08:31:49.010"
"MADHYA PRADESH","23","SEONI","425","17138","2760","3928","4298","6152","2020-06-30T08:31:49.010"
"MADHYA PRADESH","23","SHAHDOL","397","8844","4439","769","1503","2133","2020-06-30T08:31:49.010"
"MADHYA PRADESH","23","SHAJAPUR","403","6901","1855","1010","75","3961","2020-06-30T08:31:49.010"
"MADHYA PRADESH","23","SHEOPUR","382","5270","1566","971","733","2000","2020-06-30T08:31:49.010"
"MADHYA PRADESH","23","SHIVPURI","387","15694","4316","2742","295","8341","2020-06-30T08:31:49.010"
"MADHYA PRADESH","23","SIDHI","398","10632","4740","1206","1190","3496","2020-06-30T08:31:49.010"
"MADHYA PRADESH","23","SINGRAULI","422","7549","2650","823","604","3472","2020-06-30T08:31:49.010"
"MADHYA PRADESH","23","TIKAMGARH","389","9743","2069","2688","238","4748","2020-06-30T08:31:49.010"
"MADHYA PRADESH","23","UJJAIN","402","14654","6114","2688","1662","4190","2020-06-30T08:31:49.010"
"MADHYA PRADESH","23","UMARIA","396","5268","1498","954","1200","1616","2020-06-30T08:31:49.010"
"MADHYA PRADESH","23","VIDISHA","412","13045","4675","2022","113","6235","2020-06-30T08:31:49.010"
"MAHARASHTRA","27","AHMEDNAGAR","480","39149","25811","2527","423","10388","2020-06-30T08:31:58.153"
"MAHARASHTRA","27","AKOLA","459","13821","6508","2071","196","5046","2020-06-30T08:31:58.153"
"MAHARASHTRA","27","AMRAVATI","461","14566","5384","1756","298","7128","2020-06-30T08:31:58.153"
"MAHARASHTRA","27","AURANGABAD","473","61195","43481","7552","465","9697","2020-06-30T08:31:58.153"
"MAHARASHTRA","27","BEED","481","14167","9859","909","58","3341","2020-06-30T08:31:58.153"
"MAHARASHTRA","27","BHANDARA","464","19749","3629","2938","845","12337","2020-06-30T08:31:58.153"
"MAHARASHTRA","27","BULDHANA","458","16852","7049","1570","242","7991","2020-06-30T08:31:58.153"
"MAHARASHTRA","27","CHANDRAPUR","467","23739","7129","3785","2092","10733","2020-06-30T08:31:58.153"
"MAHARASHTRA","27","DHULE","456","6991","2934","348","356","3353","2020-06-30T08:31:58.153"
"MAHARASHTRA","27","GADCHIROLI","466","12428","3956","1482","1903","5087","2020-06-30T08:31:58.153"
"MAHARASHTRA","27","GONDIA","465","23473","5627","3601","1851","12394","2020-06-30T08:31:58.153"
"MAHARASHTRA","27","HINGOLI","470","5573","3233","633","159","1548","2020-06-30T08:31:58.153"
"MAHARASHTRA","27","JALGAON","457","29070","14708","1708","547","12107","2020-06-30T08:31:58.153"
"MAHARASHTRA","27","JALNA","472","20792","14484","1734","179","4395","2020-06-30T08:31:58.153"
"MAHARASHTRA","27","KOLHAPUR","488","34860","25853","2628","219","6160","2020-06-30T08:31:58.153"
"MAHARASHTRA","27","LATUR","482","9099","6231","751","82","2035","2020-06-30T08:31:58.153"
"MAHARASHTRA","27","MUMBAI ","636","115627","103695","4531","437","6964","2020-06-30T08:31:58.153"
"MAHARASHTRA","27","MUMBAI SUBURBAN","476","161165","144665","7009","635","8856","2020-06-30T08:31:58.153"
"MAHARASHTRA","27","NAGPUR","463","71463","33421","9861","2280","25901","2020-06-30T08:31:58.153"
"MAHARASHTRA","27","NAN DED","469","11471","7081","1438","248","2704","2020-06-30T08:31:58.153"
"MAHARASHTRA","27","NANDURBAR","455","3125","1452","171","430","1072","2020-06-30T08:31:58.153"
"MAHARASHTRA","27","NASHIK","474","49187","30161","3474","1176","14376","2020-06-30T08:31:58.153"
"MAHARASHTRA","27","OSMANABAD","483","7809","5916","511","40","1342","2020-06-30T08:31:58.153"
"MAHARASHTRA","27","PALGHAR","477","52645","43845","1530","1513","5757","2020-06-30T08:31:58.153"
"MAHARASHTRA","27","PARBHANI","471","9368","5575","1046","91","2656","2020-06-30T08:31:58.153"
"MAHARASHTRA","27","PUNE","479","181585","144412","11203","1737","24233","2020-06-30T08:31:58.153"
"MAHARASHTRA","27","RAIGAD","478","49117","38147","2647","383","7940","2020-06-30T08:31:58.153"
"MAHARASHTRA","27","RATNAGIRI","486","11324","6686","610","90","3938","2020-06-30T08:31:58.153"
"MAHARASHTRA","27","SANGLI","489","24655","17065","1762","187","5641","2020-06-30T08:31:58.153"
"MAHARASHTRA","27","SATARA","485","21378","14781","1526","176","4895","2020-06-30T08:31:58.153"
"MAHARASHTRA","27","SINDHUDURG","487","4372","2886","204","25","1257","2020-06-30T08:31:58.153"
"MAHARASHTRA","27","SOLAPUR","484","28026","18456","2267","204","7099","2020-06-30T08:31:58.153"
"MAHARASHTRA","27","THANE","475","171817","146462","8777","1206","15372","2020-06-30T08:31:58.153"
"MAHARASHTRA","27","WARDHA","462","15595","4382","2212","656","8345","2020-06-30T08:31:58.153"
"MAHARASHTRA","27","WASHIM","460","10014","4023","1606","119","4266","2020-06-30T08:31:58.153"
"MAHARASHTRA","27","YAVATMAL","468","14473","6100","1199","694","6480","2020-06-30T08:31:58.153"
"MANIPUR","14","BISHNUPUR","282","1526","1133","204","10","179","2020-06-30T08:32:11.187"
"MANIPUR","14","CHANDEL","287","454","64","7","375","8","2020-06-30T08:32:11.187"
"MANIPUR","14","CHURACHANDPUR","281","593","70","11","505","7","2020-06-30T08:32:11.187"
"MANIPUR","14","IMPHAL EAST","285","4587","3826","42","187","532","2020-06-30T08:32:11.187"
"MANIPUR","14","IMPHAL WEST","284","5358","4454","132","177","595","2020-06-30T08:32:11.187"
"MANIPUR","14","SENAPATI","279","591","78","3","510","0","2020-06-30T08:32:11.187"
"MANIPUR","14","TAMENGLONG","280","97","12","1","83","1","2020-06-30T08:32:11.187"
"MANIPUR","14","THOUBAL","283","2245","1327","248","16","654","2020-06-30T08:32:11.187"
"MANIPUR","14","UKHRUL","286","433","26","1","403","3","2020-06-30T08:32:11.187"
"MEGHALAYA","17","EAST GARO HILLS","301","14","2","0","12","0","2020-06-30T08:32:16.877"
"MEGHALAYA","17","EAST JAINTIA HILLS","640","19","7","0","8","4","2020-06-30T08:32:16.877"
"MEGHALAYA","17","EAST KHASI HILLS","305","479","177","5","277","20","2020-06-30T08:32:16.877"
"MEGHALAYA","17","NORTH GARO HILLS","641","37","2","2","32","1","2020-06-30T08:32:16.877"
"MEGHALAYA","17","RI BHOI","304","79","18","0","58","3","2020-06-30T08:32:16.877"
"MEGHALAYA","17","SOUTH GARO HILLS","302","6","2","1","3","0","2020-06-30T08:32:16.877"
"MEGHALAYA","17","SOUTH WEST  GARO HILLS","642","14","5","2","7","0","2020-06-30T08:32:16.877"
"MEGHALAYA","17","SOUTH WEST KHASI HILLS","643","35","2","0","33","0","2020-06-30T08:32:16.877"
"MEGHALAYA","17","WEST GARO HILLS","300","75","34","1","34","6","2020-06-30T08:32:16.877"
"MEGHALAYA","17","WEST JAINTIA HILLS","306","29","3","0","25","1","2020-06-30T08:32:16.877"
"MEGHALAYA","17","WEST KHASI HILLS","303","50","4","0","44","2","2020-06-30T08:32:16.877"
"MIZORAM","15","AIZAWL","290","913","76","7","827","3","2020-06-30T08:32:22.443"
"MIZORAM","15","CHAMPHAI","291","174","19","0","154","1","2020-06-30T08:32:22.443"
"MIZORAM","15","KOLASIB","289","98","6","0","92","0","2020-06-30T08:32:22.443"
"MIZORAM","15","LAWNGTLAI","294","43","6","1","36","0","2020-06-30T08:32:22.443"
"MIZORAM","15","LUNGLEI","293","163","15","0","148","0","2020-06-30T08:32:22.443"
"MIZORAM","15","MAMIT","288","34","3","0","31","0","2020-06-30T08:32:22.443"
"MIZORAM","15","SAIHA","295","28","2","0","26","0","2020-06-30T08:32:22.443"
"MIZORAM","15","SERCHHIP","292","45","5","0","40","0","2020-06-30T08:32:22.443"
"NAGALAND","13","DIMAPUR","276","551","161","14","350","26","2020-06-30T08:32:28.003"
"NAGALAND","13","KIPHRIE","644","11","2","0","9","0","2020-06-30T08:32:28.003"
"NAGALAND","13","KOHIMA","277","183","37","3","140","3","2020-06-30T08:32:28.003"
"NAGALAND","13","MOKOKCHUNG","273","38","9","1","27","1","2020-06-30T08:32:28.003"
"NAGALAND","13","MON","271","19","3","0","16","0","2020-06-30T08:32:28.003"
"NAGALAND","13","PEREN","646","10","4","0","6","0","2020-06-30T08:32:28.003"
"NAGALAND","13","PHEK","278","13","8","0","4","1","2020-06-30T08:32:28.003"
"NAGALAND","13","TUENSANG","272","12","2","0","9","1","2020-06-30T08:32:28.003"
"NAGALAND","13","WOKHA","275","47","4","0","43","0","2020-06-30T08:32:28.003"
"NAGALAND","13","ZUNHEBOTO","274","9","6","0","3","0","2020-06-30T08:32:28.003"
"ODISHA","21","ANGUL","15","2692","2074","87","35","496","2020-06-30T08:32:33.553"
"ODISHA","21","BALANGIR","24","1809","900","231","66","612","2020-06-30T08:32:33.553"
"ODISHA","21","BALESHWAR","8","23002","9412","4565","1128","7897","2020-06-30T08:32:33.553"
"ODISHA","21","BARGARH","1","1343","773","95","24","451","2020-06-30T08:32:33.553"
"ODISHA","21","BHADRAK","9","3936","2259","578","8","1091","2020-06-30T08:32:33.553"
"ODISHA","21","BOUDH","22","622","200","75","25","322","2020-06-30T08:32:33.553"
"ODISHA","21","CUTTACK","12","7674","5886","590","18","1180","2020-06-30T08:32:33.553"
"ODISHA","21","DEOGARH","4","200","142","3","7","48","2020-06-30T08:32:33.553"
"ODISHA","21","DHENKANAL","14","1219","918","55","11","235","2020-06-30T08:32:33.553"
"ODISHA","21","GAJAPATI","20","645","262","56","136","191","2020-06-30T08:32:33.553"
"ODISHA","21","GANJAM","19","7347","4159","611","52","2525","2020-06-30T08:32:33.553"
"ODISHA","21","JAGATSINGHPUR","11","1799","1510","93","2","194","2020-06-30T08:32:33.553"
"ODISHA","21","JAJAPUR","13","2681","2172","123","18","368","2020-06-30T08:32:33.553"
"ODISHA","21","JHARSUGUDA","2","1340","1054","61","38","187","2020-06-30T08:32:33.553"
"ODISHA","21","KALAHANDI","26","940","491","102","21","326","2020-06-30T08:32:33.553"
"ODISHA","21","KANDHAMAL","21","787","407","152","62","166","2020-06-30T08:32:33.553"
"ODISHA","21","KENDRAPARA","10","1189","924","74","3","188","2020-06-30T08:32:33.553"
"ODISHA","21","KENDUJHAR","6","2242","1759","52","43","388","2020-06-30T08:32:33.553"
"ODISHA","21","KHORDHA","17","11886","10308","479","71","1028","2020-06-30T08:32:33.553"
"ODISHA","21","KORAPUT","29","1151","875","108","52","116","2020-06-30T08:32:33.553"
"ODISHA","21","MALKANGIRI  ","30","522","232","224","39","27","2020-06-30T08:32:33.553"
"ODISHA","21","MAYURBHANJ","7","2011","1484","78","141","308","2020-06-30T08:32:33.553"
"ODISHA","21","NABARANGPUR","28","443","228","89","66","60","2020-06-30T08:32:33.553"
"ODISHA","21","NAYAGARH","16","1093","631","47","6","409","2020-06-30T08:32:33.553"
"ODISHA","21","NUAPADA","25","303","174","31","20","78","2020-06-30T08:32:33.553"
"ODISHA","21","PURI","18","4459","3588","238","13","620","2020-06-30T08:32:33.553"
"ODISHA","21","RAYAGADA","27","1357","710","214","91","342","2020-06-30T08:32:33.553"
"ODISHA","21","SAMBALPUR","3","1939","1546","107","45","241","2020-06-30T08:32:33.553"
"ODISHA","21","SONEPUR","23","753","306","59","3","385","2020-06-30T08:32:33.553"
"ODISHA","21","SUNDARGARH","5","3867","3196","145","288","238","2020-06-30T08:32:33.553"
"PUNJAB","3","AMRITSAR","57","7539","6573","449","4","513","2020-06-30T08:32:39.650"
"PUNJAB","3","BARNALA","58","2451","1898","328","3","222","2020-06-30T08:32:39.650"
"PUNJAB","3","BATHINDA","60","6892","5907","560","10","415","2020-06-30T08:32:39.650"
"PUNJAB","3","FARIDKOT","61","3444","2958","287","2","197","2020-06-30T08:32:39.650"
"PUNJAB","3","FATEHGARH SAHIB","69","2451","1951","260","2","238","2020-06-30T08:32:39.650"
"PUNJAB","3","FAZILKA","62","3191","2200","465","8","518","2020-06-30T08:32:39.650"
"PUNJAB","3","FIROZEPUR","63","3194","2635","285","4","270","2020-06-30T08:32:39.650"
"PUNJAB","3","GURDASPUR","59","3090","2582","228","7","273","2020-06-30T08:32:39.650"
"PUNJAB","3","HOSHIARPUR","64","5349","3974","894","13","468","2020-06-30T08:32:39.650"
"PUNJAB","3","JALANDHAR","65","16172","12602","2616","23","931","2020-06-30T08:32:39.650"
"PUNJAB","3","KAPURTHALA","66","5350","4043","719","9","579","2020-06-30T08:32:39.650"
"PUNJAB","3","LUDHIANA","67","30273","27085","1833","45","1310","2020-06-30T08:32:39.650"
"PUNJAB","3","MANSA","70","2296","1994","167","2","133","2020-06-30T08:32:39.650"
"PUNJAB","3","MOGA","71","5491","4519","447","5","520","2020-06-30T08:32:39.650"
"PUNJAB","3","PATHANKOT","615","1048","857","96","2","93","2020-06-30T08:32:39.650"
"PUNJAB","3","PATIALA","616","8510","7334","481","9","686","2020-06-30T08:32:39.650"
"PUNJAB","3","RUPNAGAR","617","2062","1627","188","3","244","2020-06-30T08:32:39.650"
"PUNJAB","3","SANGRUR","68","5427","3982","803","11","631","2020-06-30T08:32:39.650"
"PUNJAB","3","SAS NAGAR","72","12748","11480","534","19","715","2020-06-30T08:32:39.650"
"PUNJAB","3","SHAHID BHAGAT SINGH NAGAR","614","3466","2130","815","7","514","2020-06-30T08:32:39.650"
"PUNJAB","3","SRI MUKTSAR SAHIB","73","2198","1824","207","0","167","2020-06-30T08:32:39.650"
"PUNJAB","3","TARN TARAN","618","1923","1598","177","4","144","2020-06-30T08:32:39.650"
"RAJASTHAN","8","AJMER","136","13122","6839","1279","110","4894","2020-06-30T08:32:46.083"
"RAJASTHAN","8","ALWAR","121","15335","7823","987","393","6132","2020-06-30T08:32:46.083"
"RAJASTHAN","8","BANSWARA","612","3138","1538","158","585","857","2020-06-30T08:32:46.083"
"RAJASTHAN","8","BARAN","145","1846","762","198","105","781","2020-06-30T08:32:46.083"
"RAJASTHAN","8","BARMER","132","5018","2299","284","49","2386","2020-06-30T08:32:46.083"
"RAJASTHAN","8","BHARATPUR","122","5365","2432","831","82","2020","2020-06-30T08:32:46.083"
"RAJASTHAN","8","BHILWARA","139","16900","10138","1078","206","5478","2020-06-30T08:32:46.083"
"RAJASTHAN","8","BIKANER","118","13275","7719","565","40","4951","2020-06-30T08:32:46.083"
"RAJASTHAN","8","BUNDI","138","2772","1180","225","223","1144","2020-06-30T08:32:46.083"
"RAJASTHAN","8","CHITTORGARH","143","6538","3337","561","111","2529","2020-06-30T08:32:46.083"
"RAJASTHAN","8","CHURU","119","5503","2154","347","40","2962","2020-06-30T08:32:46.083"
"RAJASTHAN","8","DAUSA","126","7917","2931","833","1066","3087","2020-06-30T08:32:46.083"
"RAJASTHAN","8","DHOLPUR","123","1518","844","158","25","491","2020-06-30T08:32:46.083"
"RAJASTHAN","8","DUNGARPUR","142","2723","1436","94","260","933","2020-06-30T08:32:46.083"
"RAJASTHAN","8","GANGANAGAR","116","14460","7491","2258","89","4622","2020-06-30T08:32:46.083"
"RAJASTHAN","8","HANUMANGARH","117","12026","3307","2645","56","6018","2020-06-30T08:32:46.083"
"RAJASTHAN","8","JAIPUR","127","119552","73848","7309","4026","34369","2020-06-30T08:32:46.083"
"RAJASTHAN","8","JAISALMER","131","1706","916","95","25","670","2020-06-30T08:32:46.083"
"RAJASTHAN","8","JALORE","133","3166","1074","323","34","1735","2020-06-30T08:32:46.083"
"RAJASTHAN","8","JHALAWAR","146","2213","1185","149","74","805","2020-06-30T08:32:46.083"
"RAJASTHAN","8","JHUNJHUNU","120","6396","1907","544","89","3856","2020-06-30T08:32:46.083"
"RAJASTHAN","8","JODHPUR","130","23464","11974","1365","155","9970","2020-06-30T08:32:46.083"
"RAJASTHAN","8","KARAULI","124","3056","1164","386","392","1114","2020-06-30T08:32:46.083"
"RAJASTHAN","8","KOTA","144","18524","11456","1529","491","5048","2020-06-30T08:32:46.083"
"RAJASTHAN","8","NAGAUR","129","10718","3660","780","49","6229","2020-06-30T08:32:46.083"
"RAJASTHAN","8","PALI","135","7109","2654","774","63","3618","2020-06-30T08:32:46.083"
"RAJASTHAN","8","PRATAPGARH","625","1960","755","134","267","804","2020-06-30T08:32:46.083"
"RAJASTHAN","8","RAJSAMAND","140","3497","1839","284","60","1314","2020-06-30T08:32:46.083"
"RAJASTHAN","8","SAWAI MADHOPUR","125","5177","2295","577","673","1632","2020-06-30T08:32:46.083"
"RAJASTHAN","8","SIKAR","128","11480","4214","777","148","6341","2020-06-30T08:32:46.083"
"RAJASTHAN","8","SIROHI","134","3463","1573","326","72","1492","2020-06-30T08:32:46.083"
"RAJASTHAN","8","TONK","137","3478","1391","391","167","1529","2020-06-30T08:32:46.083"
"RAJASTHAN","8","UDAIPUR","141","16460","10782","984","552","4142","2020-06-30T08:32:46.083"
"SIKKIM","11","EAST DISTRICT","254","459","233","25","105","96","2020-06-30T08:32:55.113"
"SIKKIM","11","NORTH DISTRICT","255","18","3","0","14","1","2020-06-30T08:32:55.113"
"SIKKIM","11","SOUTH DISTRICT","256","110","56","2","15","37","2020-06-30T08:32:55.113"
"SIKKIM","11","WEST DISTRICT","257","127","50","6","38","33","2020-06-30T08:32:55.113"
"TAMIL NADU","33","ARIYALUR","584","1884","967","126","5","786","2020-06-30T08:33:00.677"
"TAMIL NADU","33","CHENNAI","569","149708","109777","7703","321","31907","2020-06-30T08:33:00.677"
"TAMIL NADU","33","COIMBATORE","695","59660","41447","1846","87","16280","2020-06-30T08:33:00.677"
"TAMIL NADU","33","CUDDALORE","585","7639","3283","910","18","3428","2020-06-30T08:33:00.677"
"TAMIL NADU","33","DHARMAPURI","572","5787","3159","403","37","2188","2020-06-30T08:33:00.677"
"TAMIL NADU","33","DINDIGUL","580","10875","6329","726","13","3807","2020-06-30T08:33:00.677"
"TAMIL NADU","33","ERODE","577","19401","11458","644","30","7269","2020-06-30T08:33:00.677"
"TAMIL NADU","33","KANCHIPURAM","570","53684","31810","4608","205","17061","2020-06-30T08:33:00.677"
"TAMIL NADU","33","KANNIYAKUMARI","597","14327","7401","345","16","6565","2020-06-30T08:33:00.677"
"TAMIL NADU","33","KARUR","581","5696","3448","358","12","1878","2020-06-30T08:33:00.677"
"TAMIL NADU","33","KRISHNAGIRI","579","11755","7735","438","14","3568","2020-06-30T08:33:00.677"
"TAMIL NADU","33","MADURAI","591","35065","20413","1197","59","13396","2020-06-30T08:33:00.677"
"TAMIL NADU","33","NAGAPATTINAM","586","4704","2148","406","10","2140","2020-06-30T08:33:00.677"
"TAMIL NADU","33","NAMAKKAL","576","14000","7495","1028","191","5286","2020-06-30T08:33:00.677"
"TAMIL NADU","33","PERAMBALUR","583","1549","828","211","4","506","2020-06-30T08:33:00.677"
"TAMIL NADU","33","PUDUKKOTTAI","592","5570","2958","397","10","2205","2020-06-30T08:33:00.677"
"TAMIL NADU","33","RAMANATHAPURAM","594","4354","2643","289","5","1417","2020-06-30T08:33:00.677"
"TAMIL NADU","33","SALEM","575","23700","13700","1526","221","8253","2020-06-30T08:33:00.677"
"TAMIL NADU","33","SIVAGANGA","590","5494","3086","404","3","2001","2020-06-30T08:33:00.677"
"TAMIL NADU","33","THANJAVUR","588","9753","5046","517","13","4177","2020-06-30T08:33:00.677"
"TAMIL NADU","33","THE NILGIRISH","578","1896","1006","295","9","586","2020-06-30T08:33:00.677"
"TAMIL NADU","33","THENI","696","5619","2779","390","6","2444","2020-06-30T08:33:00.677"
"TAMIL NADU","33","THIRUVALLUR","568","36769","21930","3677","101","11061","2020-06-30T08:33:00.677"
"TAMIL NADU","33","THIRUVARUR","587","4265","1968","381","10","1906","2020-06-30T08:33:00.677"
"TAMIL NADU","33","TIRUCHIRAPPALLI","582","17839","10009","1263","41","6526","2020-06-30T08:33:00.677"
"TAMIL NADU","33","TIRUNELVELI","589","16291","7725","1010","26","7530","2020-06-30T08:33:00.677"
"TAMIL NADU","33","TIRUPPUR","596","25442","18933","523","28","5958","2020-06-30T08:33:00.677"
"TAMIL NADU","33","TIRUVANNAMALAI","573","6703","3407","620","63","2613","2020-06-30T08:33:00.677"
"TAMIL NADU","33","TUTICORIN","595","12924","6307","997","25","5595","2020-06-30T08:33:00.677"
"TAMIL NADU","33","VELLORE","571","13568","7571","1352","72","4573","2020-06-30T08:33:00.677"
"TAMIL NADU","33","VILLUPURAM","574","8003","3893","841","34","3235","2020-06-30T08:33:00.677"
"TAMIL NADU","33","VIRUDHUNAGAR","593","11490","7078","694","20","3698","2020-06-30T08:33:00.677"
"TELANGANA","36","ADILABAD","490","3636","861","1376","769","630","2020-06-30T08:33:10.257"
"TELANGANA","36","BHADRADRI KOTHAGUDEM","700","2015","553","397","813","252","2020-06-30T08:33:10.257"
"TELANGANA","36","HYDERABAD","494","48818","35322","3314","1180","9002","2020-06-30T08:33:10.257"
"TELANGANA","36","Jagitial","701","2346","852","439","69","986","2020-06-30T08:33:10.257"
"TELANGANA","36","JANGOAN","702","942","193","255","262","232","2020-06-30T08:33:10.257"
"TELANGANA","36","JAYASHANKAR BHUPALAPALLY","703","1659","333","373","358","595","2020-06-30T08:33:10.257"
"TELANGANA","36","JOGULAMBA GADWAL","704","1012","491","242","19","260","2020-06-30T08:33:10.257"
"TELANGANA","36","KAMAREDDY","705","2881","809","716","487","869","2020-06-30T08:33:10.257"
"TELANGANA","36","KARIMNAGAR","492","16256","5898","3714","533","6111","2020-06-30T08:33:10.257"
"TELANGANA","36","KHAMMAM","499","6081","1714","1846","1726","795","2020-06-30T08:33:10.257"
"TELANGANA","36","KOMARAM BHEEM ASIFABAD","706","396","128","102","90","76","2020-06-30T08:33:10.257"
"TELANGANA","36","MAHABUBABAD","707","1326","216","157","749","204","2020-06-30T08:33:10.257"
"TELANGANA","36","MAHABUBNAGAR","496","6114","1620","1670","1601","1223","2020-06-30T08:33:10.257"
"TELANGANA","36","MANCHERIAL","708","2031","595","813","169","454","2020-06-30T08:33:10.257"
"TELANGANA","36","MEDAK","493","3506","1084","1269","719","434","2020-06-30T08:33:10.257"
"TELANGANA","36","MEDCHAL MALKAJGIRI","709","16888","9810","1903","778","4397","2020-06-30T08:33:10.257"
"TELANGANA","36","NAGARKURNOOL","710","1533","161","669","554","149","2020-06-30T08:33:10.257"
"TELANGANA","36","NALGONDA","497","9947","2099","3750","2753","1345","2020-06-30T08:33:10.257"
"TELANGANA","36","Nirmal","711","1368","419","352","155","442","2020-06-30T08:33:10.257"
"TELANGANA","36","NIZAMABAD","491","16208","6082","2158","1143","6825","2020-06-30T08:33:10.257"
"TELANGANA","36","PEDDAPALLI","712","2854","1126","643","76","1009","2020-06-30T08:33:10.257"
"TELANGANA","36","RAJANNA SIRCILLA","713","2342","582","663","219","878","2020-06-30T08:33:10.257"
"TELANGANA","36","RANGA REDDI","495","30373","17436","3790","3239","5908","2020-06-30T08:33:10.257"
"TELANGANA","36","SANGAREDDY","714","2587","1194","581","213","599","2020-06-30T08:33:10.257"
"TELANGANA","36","SIDDIPET","715","2163","596","756","178","633","2020-06-30T08:33:10.257"
"TELANGANA","36","SURYAPET","716","3849","569","1018","1552","710","2020-06-30T08:33:10.257"
"TELANGANA","36","VIKARABAD","717","1119","292","280","391","156","2020-06-30T08:33:10.257"
"TELANGANA","36","WANAPARTHY","718","935","120","344","293","178","2020-06-30T08:33:10.257"
"TELANGANA","36","WARANGAL","498","9205","1191","2858","1766","3390","2020-06-30T08:33:10.257"
"TELANGANA","36","WARANGAL RURAL","721","2869","738","541","691","899","2020-06-30T08:33:10.257"
"TELANGANA","36","WARANGAL URBAN","720","11612","3821","2016","528","5247","2020-06-30T08:33:10.257"
"TELANGANA","36","YADADRI BHUVANAGIRI","719","1289","311","413","314","251","2020-06-30T08:33:10.257"
"TRIPURA","16","DHALAI","298","209","81","28","55","45","2020-06-30T08:33:17.043"
"TRIPURA","16","GOMATI","647","306","179","57","25","45","2020-06-30T08:33:17.043"
"TRIPURA","16","KHOWAI","648","259","71","24","80","84","2020-06-30T08:33:17.043"
"TRIPURA","16","NORTH TRIPURA","299","412","228","34","63","87","2020-06-30T08:33:17.043"
"TRIPURA","16","SEPAHIJALA","649","219","132","29","18","40","2020-06-30T08:33:17.043"
"TRIPURA","16","SOUTH TRIPURA","297","319","190","25","59","45","2020-06-30T08:33:17.043"
"TRIPURA","16","UNAKOTI","650","198","91","34","10","63","2020-06-30T08:33:17.043"
"TRIPURA","16","WEST TRIPURA","296","1478","968","136","132","242","2020-06-30T08:33:17.043"
"UTTAR PRADESH","9","AGRA","161","33785","16069","5528","1290","10898","2020-06-30T08:33:22.623"
"UTTAR PRADESH","9","ALIGARH","158","8838","3818","1251","137","3632","2020-06-30T08:33:22.623"
"UTTAR PRADESH","9","AMBEDAKAR NAGAR","194","4215","989","942","16","2268","2020-06-30T08:33:22.623"
"UTTAR PRADESH","9","AMETHI","632","1653","987","115","6","545","2020-06-30T08:33:22.623"
"UTTAR PRADESH","9","AMROHA","152","1514","710","125","6","673","2020-06-30T08:33:22.623"
"UTTAR PRADESH","9","AURAIYA","178","3866","1171","800","34","1861","2020-06-30T08:33:22.623"
"UTTAR PRADESH","9","AZAMGARH","207","5187","1656","1042","23","2466","2020-06-30T08:33:22.623"
"UTTAR PRADESH","9","BAGHPAT","154","1447","824","102","5","516","2020-06-30T08:33:22.623"
"UTTAR PRADESH","9","BAHRAICH","196","11545","3517","1373","95","6560","2020-06-30T08:33:22.623"
"UTTAR PRADESH","9","BALLIA","209","2750","1212","180","50","1308","2020-06-30T08:33:22.623"
"UTTAR PRADESH","9","BALRAMPUR","198","3052","1261","197","29","1565","2020-06-30T08:33:22.623"
"UTTAR PRADESH","9","BANDA","186","1367","705","197","5","460","2020-06-30T08:33:22.623"
"UTTAR PRADESH","9","BARABANKI","192","8649","2329","1881","67","4372","2020-06-30T08:33:22.623"
"UTTAR PRADESH","9","BAREILLY","166","9666","5769","496","37","3364","2020-06-30T08:33:22.623"
"UTTAR PRADESH","9","BASTI","201","4054","1724","458","16","1856","2020-06-30T08:33:22.623"
"UTTAR PRADESH","9","BHADOHI","214","9444","1756","2074","47","5567","2020-06-30T08:33:22.623"
"UTTAR PRADESH","9","BIJNOR","149","2763","1558","293","9","903","2020-06-30T08:33:22.623"
"UTTAR PRADESH","9","BUDAUN","165","2228","1243","189","6","790","2020-06-30T08:33:22.623"
"UTTAR PRADESH","9","BULANDSHAHAR","157","5763","3304","760","45","1654","2020-06-30T08:33:22.623"
"UTTAR PRADESH","9","CHANDAULI","212","3946","1352","633","30","1931","2020-06-30T08:33:22.623"
"UTTAR PRADESH","9","CHITRAKOOT","187","818","385","109","1","323","2020-06-30T08:33:22.623"
"UTTAR PRADESH","9","DEORIA","206","3949","1499","315","125","2010","2020-06-30T08:33:22.623"
"UTTAR PRADESH","9","ETAH","163","1639","664","216","4","755","2020-06-30T08:33:22.623"
"UTTAR PRADESH","9","ETAWAH","177","5477","1323","1085","45","3024","2020-06-30T08:33:22.623"
"UTTAR PRADESH","9","FAIZABAD","193","2485","1291","167","10","1017","2020-06-30T08:33:22.623"
"UTTAR PRADESH","9","FARRUKHABAD","175","2319","1339","134","9","837","2020-06-30T08:33:22.623"
"UTTAR PRADESH","9","FATEHPUR","188","2796","1235","418","19","1124","2020-06-30T08:33:22.623"
"UTTAR PRADESH","9","FIROZABAD","162","3898","1577","654","26","1641","2020-06-30T08:33:22.623"
"UTTAR PRADESH","9","GAUTAM BUDDHA NAGAR","156","22239","17309","948","207","3775","2020-06-30T08:33:22.623"
"UTTAR PRADESH","9","GHAZIABAD","155","21567","17032","1154","44","3337","2020-06-30T08:33:22.623"
"UTTAR PRADESH","9","GHAZIPUR","211","14757","3152","3410","221","7974","2020-06-30T08:33:22.623"
"UTTAR PRADESH","9","GONDA","199","9716","4435","863","39","4379","2020-06-30T08:33:22.623"
"UTTAR PRADESH","9","GORAKHAPUR","204","8749","3827","776","121","4025","2020-06-30T08:33:22.623"
"UTTAR PRADESH","9","HAMIRPUR","184","1844","520","247","10","1067","2020-06-30T08:33:22.623"
"UTTAR PRADESH","9","HAPUR","697","2165","1311","251","4","599","2020-06-30T08:33:22.623"
"UTTAR PRADESH","9","HARDOI","171","2389","1529","242","2","616","2020-06-30T08:33:22.623"
"UTTAR PRADESH","9","HATHRAS","159","6288","2344","1218","84","2642","2020-06-30T08:33:22.623"
"UTTAR PRADESH","9","JALAUN","181","1920","790","402","12","716","2020-06-30T08:33:22.623"
"UTTAR PRADESH","9","JAUNPUR","210","29737","6604","7771","183","15179","2020-06-30T08:33:22.623"
"UTTAR PRADESH","9","JHANSI","182","6906","2239","1695","34","2938","2020-06-30T08:33:22.623"
"UTTAR PRADESH","9","KANNAUJ","176","3086","1252","379","12","1443","2020-06-30T08:33:22.623"
"UTTAR PRADESH","9","KANPUR DEHAT","634","3470","1533","637","33","1267","2020-06-30T08:33:22.623"
"UTTAR PRADESH","9","KANPUR NAGAR","179","17994","12926","1100","49","3919","2020-06-30T08:33:22.623"
"UTTAR PRADESH","9","KASGANJ","637","939","448","171","10","310","2020-06-30T08:33:22.623"
"UTTAR PRADESH","9","KAUSHAMBI","190","1026","607","86","2","331","2020-06-30T08:33:22.623"
"UTTAR PRADESH","9","KUSHINAGAR","205","3473","1321","191","20","1941","2020-06-30T08:33:22.623"
"UTTAR PRADESH","9","LAKHIMPUR KHERI","169","4624","2086","453","136","1949","2020-06-30T08:33:22.623"
"UTTAR PRADESH","9","LALITPUR","183","2227","587","434","24","1182","2020-06-30T08:33:22.623"
"UTTAR PRADESH","9","LUCKNOW","173","32838","24002","2031","104","6701","2020-06-30T08:33:22.623"
"UTTAR PRADESH","9","MAHARAJGANJ","203","9385","1903","1275","220","5987","2020-06-30T08:33:22.623"
"UTTAR PRADESH","9","MAHOBA","185","593","229","78","2","284","2020-06-30T08:33:22.623"
"UTTAR PRADESH","9","MAINPURI","164","5899","1671","1131","50","3047","2020-06-30T08:33:22.623"
"UTTAR PRADESH","9","MATHURA","160","15289","8449","1848","194","4798","2020-06-30T08:33:22.623"
"UTTAR PRADESH","9","MAU","208","3868","1011","416","31","2410","2020-06-30T08:33:22.623"
"UTTAR PRADESH","9","MEERUT","153","14377","9026","1284","44","4023","2020-06-30T08:33:22.623"
"UTTAR PRADESH","9","MIRZAPUR","215","14471","2293","3889","495","7794","2020-06-30T08:33:22.623"
"UTTAR PRADESH","9","MORADABAD","150","8860","4329","569","24","3938","2020-06-30T08:33:22.623"
"UTTAR PRADESH","9","MUZAFFARNAGAR","148","3966","2521","197","16","1232","2020-06-30T08:33:22.623"
"UTTAR PRADESH","9","PILIBHIT","167","1586","726","117","3","740","2020-06-30T08:33:22.623"
"UTTAR PRADESH","9","PRATAPGARH","189","7744","3298","1013","44","3389","2020-06-30T08:33:22.623"
"UTTAR PRADESH","9","PRAYAGRAJ","191","28633","8752","5654","169","14058","2020-06-30T08:33:22.623"
"UTTAR PRADESH","9","RAE BARELI","174","3212","1846","331","16","1019","2020-06-30T08:33:22.623"
"UTTAR PRADESH","9","RAMPUR","151","2671","1627","154","4","886","2020-06-30T08:33:22.623"
"UTTAR PRADESH","9","SAHARANPUR","147","6080","3132","603","20","2325","2020-06-30T08:33:22.623"
"UTTAR PRADESH","9","SAMBHAL","633","1143","554","100","4","485","2020-06-30T08:33:22.623"
"UTTAR PRADESH","9","SANT KABEER NAGAR","202","3799","1186","729","9","1875","2020-06-30T08:33:22.623"
"UTTAR PRADESH","9","SHAHJAHANPUR","168","1817","1018","134","6","659","2020-06-30T08:33:22.623"
"UTTAR PRADESH","9","SHAMLI","180","2215","537","96","3","1579","2020-06-30T08:33:22.623"
"UTTAR PRADESH","9","SHRAVASTI","197","929","415","92","27","395","2020-06-30T08:33:22.623"
"UTTAR PRADESH","9","SIDDHARTHNAGAR","200","6375","2496","859","33","2987","2020-06-30T08:33:22.623"
"UTTAR PRADESH","9","SITAPUR","170","5842","2061","1386","65","2330","2020-06-30T08:33:22.623"
"UTTAR PRADESH","9","SONBHADRA","216","12508","1703","2721","3286","4798","2020-06-30T08:33:22.623"
"UTTAR PRADESH","9","SULTANPUR","195","3755","1654","629","81","1391","2020-06-30T08:33:22.623"
"UTTAR PRADESH","9","UNNAO","172","3596","2225","338","10","1023","2020-06-30T08:33:22.623"
"UTTAR PRADESH","9","VARANASI","213","16028","7392","1365","170","7101","2020-06-30T08:33:22.623"
"UTTARAKHAND","5","ALMORA","83","831","681","92","11","47","2020-06-30T08:33:31.813"
"UTTARAKHAND","5","BAGESHWAR","82","427","327","77","1","22","2020-06-30T08:33:31.813"
"UTTARAKHAND","5","CHAMOLI","76","370","274","55","25","16","2020-06-30T08:33:31.813"
"UTTARAKHAND","5","CHAMPAWAT","84","448","353","31","1","63","2020-06-30T08:33:31.813"
"UTTARAKHAND","5","DEHRADUN","79","8840","7454","393","127","866","2020-06-30T08:33:31.813"
"UTTARAKHAND","5","HARIDWAR","87","4265","2883","272","18","1092","2020-06-30T08:33:31.813"
"UTTARAKHAND","5","NAINITAL","85","2396","1843","199","17","337","2020-06-30T08:33:31.813"
"UTTARAKHAND","5","PAURI GARHWAL","80","1779","1623","82","7","67","2020-06-30T08:33:31.813"
"UTTARAKHAND","5","PITHORAGARH","81","527","383","93","23","28","2020-06-30T08:33:31.813"
"UTTARAKHAND","5","RUDRA PRAYAG","77","460","376","66","0","18","2020-06-30T08:33:31.813"
"UTTARAKHAND","5","TEHRI GARHWAL","78","878","717","59","2","100","2020-06-30T08:33:31.813"
"UTTARAKHAND","5","UDHAM SINGH NAGAR","86","4897","3361","295","102","1139","2020-06-30T08:33:31.813"
"UTTARAKHAND","5","UTTARKASHI","75","783","273","119","11","380","2020-06-30T08:33:31.813"
"WEST BENGAL","19","ALIPURDUAR","638","2611","1099","713","577","222","2020-06-30T08:33:37.550"
"WEST BENGAL","19","BANKURA","342","3130","2371","325","129","305","2020-06-30T08:33:37.550"
"WEST BENGAL","19","BIRBHUM","337","11620","8030","2534","155","901","2020-06-30T08:33:37.550"
"WEST BENGAL","19","COOCHBEHAR","332","4339","2042","1538","20","739","2020-06-30T08:33:37.550"
"WEST BENGAL","19","DAKSHIN DINAJPUR","334","3901","2987","572","81","261","2020-06-30T08:33:37.550"
"WEST BENGAL","19","DARJEELING","330","3380","2651","292","176","261","2020-06-30T08:33:37.550"
"WEST BENGAL","19","EAST MEDINIPUR","344","3311","2960","166","9","176","2020-06-30T08:33:37.550"
"WEST BENGAL","19","HOOGHLY","341","5973","5167","424","28","354","2020-06-30T08:33:37.550"
"WEST BENGAL","19","HOWRAH","345","6710","6308","176","14","212","2020-06-30T08:33:37.550"
"WEST BENGAL","19","JALPAIGURI","331","2963","2057","536","190","180","2020-06-30T08:33:37.550"
"WEST BENGAL","19","Jhargram","732","162","100","14","12","36","2020-06-30T08:33:37.550"
"WEST BENGAL","19","KALIMPONG","733","140","92","14","14","20","2020-06-30T08:33:37.550"
"WEST BENGAL","19","KOLKOTA","346","23582","22589","497","41","455","2020-06-30T08:33:37.550"
"WEST BENGAL","19","MALDA","335","3556","2795","390","21","350","2020-06-30T08:33:37.550"
"WEST BENGAL","19","MURSHIDABAD","336","6912","5584","437","24","867","2020-06-30T08:33:37.550"
"WEST BENGAL","19","NADIA","339","4272","3122","770","21","359","2020-06-30T08:33:37.550"
"WEST BENGAL","19","NORTH 24 PRAGANAS","340","14431","11782","1647","76","926","2020-06-30T08:33:37.550"
"WEST BENGAL","19","PASCHIM BARDHAMAN","734","2972","2678","127","24","143","2020-06-30T08:33:37.550"
"WEST BENGAL","19","PURBA BARDHAMAN","338","24027","16151","4849","629","2398","2020-06-30T08:33:37.550"
"WEST BENGAL","19","PURULIA","343","1445","1000","75","64","306","2020-06-30T08:33:37.550"
"WEST BENGAL","19","SOUTH 24 PRAGANAS","347","9334","7447","1271","39","577","2020-06-30T08:33:37.550"
"WEST BENGAL","19","UTTAR DINAJPUR","639","1942","1355","322","10","255","2020-06-30T08:33:37.550"
"WEST BENGAL","19","WEST MEDINIPUR","333","4048","3430","232","72","314","2020-06-30T08:33:37.550"
"ANDAMAN AND NICOBAR ISLANDS","35","NIKOBARS","603","100","87","0","5","8","2020-06-30T08:33:44.097"
"ANDAMAN AND NICOBAR ISLANDS","35","NORTH AND MIDDLE ANDAMAN","698","454","293","3","0","158","2020-06-30T08:33:44.097"
"ANDAMAN AND NICOBAR ISLANDS","35","SOUTH ANDAMANS","602","3881","3090","32","16","743","2020-06-30T08:33:44.097"
"CHANDIGARH","4","CHANDIGARH","74","8944","8164","389","26","365","2020-06-30T08:33:49.737"
"DADAR AND NAGAR HAVELI","26","DADRA AND NAGAR HAVELLI","454","2648","2236","53","142","217","2020-06-30T08:33:55.340"
"DAMAN AND DIU","25","DAMAN","453","1033","855","48","20","110","2020-06-30T08:34:00.907"
"DAMAN AND DIU","25","DIU","452","145","119","4","0","22","2020-06-30T08:34:00.907"
"DELHI","7","CENTRAL","112","6517","5838","312","25","342","2020-06-30T08:34:07.473"
"DELHI","7","EAST","110","14785","12868","671","34","1212","2020-06-30T08:34:07.473"
"DELHI","7","NEW DELHI","111","12314","10102","720","54","1438","2020-06-30T08:34:07.473"
"DELHI","7","NORTH","108","6254","5449","303","18","484","2020-06-30T08:34:07.473"
"DELHI","7","NORTH EAST","109","6330","5118","371","17","824","2020-06-30T08:34:07.473"
"DELHI","7","NORTH WEST","107","16997","14451","1017","45","1484","2020-06-30T08:34:07.473"
"DELHI","7","SHAHDARA","626","1258","1054","89","5","110","2020-06-30T08:34:07.473"
"DELHI","7","SOUTH ","115","20106","17577","873","92","1564","2020-06-30T08:34:07.473"
"DELHI","7","SOUTH EAST","627","3173","2629","150","16","378","2020-06-30T08:34:07.473"
"DELHI","7","SOUTH WEST","114","14330","12148","682","98","1402","2020-06-30T08:34:07.473"
"DELHI","7","WEST","113","15591","13787","713","42","1049","2020-06-30T08:34:07.473"
"JAMMU AND KASHMIR","1","ANANTNAG","36","255","229","1","3","22","2020-06-30T08:34:13.860"
"JAMMU AND KASHMIR","1","BADGAM","34","773","691","13","2","67","2020-06-30T08:34:13.860"
"JAMMU AND KASHMIR","1","BANDIPORA","604","76","71","1","2","2","2020-06-30T08:34:13.860"
"JAMMU AND KASHMIR","1","BARAMULLA","32","662","636","8","0","18","2020-06-30T08:34:13.860"
"JAMMU AND KASHMIR","1","DODA","39","64","58","5","1","0","2020-06-30T08:34:13.860"
"JAMMU AND KASHMIR","1","GANDERBAL","605","126","116","0","3","7","2020-06-30T08:34:13.860"
"JAMMU AND KASHMIR","1","JAMMU","43","2168","2005","101","22","40","2020-06-30T08:34:13.860"
"JAMMU AND KASHMIR","1","KARGIL","38","23","2","0","21","0","2020-06-30T08:34:13.860"
"JAMMU AND KASHMIR","1","KATHUA","44","300","247","36","1","16","2020-06-30T08:34:13.860"
"JAMMU AND KASHMIR","1","KISHTWAR","606","96","90","3","1","2","2020-06-30T08:34:13.860"
"JAMMU AND KASHMIR","1","KULGAM","607","81","70","1","0","10","2020-06-30T08:34:13.860"
"JAMMU AND KASHMIR","1","KUPWARA","31","62","56","1","0","5","2020-06-30T08:34:13.860"
"JAMMU AND KASHMIR","1","LEH LADAKH","37","58","12","1","45","0","2020-06-30T08:34:13.860"
"JAMMU AND KASHMIR","1","POONCH","41","773","687","1","50","35","2020-06-30T08:34:13.860"
"JAMMU AND KASHMIR","1","PULWAMA","35","136","121","4","0","11","2020-06-30T08:34:13.860"
"JAMMU AND KASHMIR","1","RAJAURI","42","286","231","8","37","10","2020-06-30T08:34:13.860"
"JAMMU AND KASHMIR","1","RAMBAN","608","49","42","3","2","2","2020-06-30T08:34:13.860"
"JAMMU AND KASHMIR","1","REASI","609","95","86","5","2","2","2020-06-30T08:34:13.860"
"JAMMU AND KASHMIR","1","SAMBA","610","131","99","24","1","7","2020-06-30T08:34:13.860"
"JAMMU AND KASHMIR","1","SHOPIAN","611","48","34","1","0","13","2020-06-30T08:34:13.860"
"JAMMU AND KASHMIR","1","SRINAGAR","33","1169","1142","8","5","14","2020-06-30T08:34:13.860"
"JAMMU AND KASHMIR","1","UDHAMPUR","40","133","125","7","0","1","2020-06-30T08:34:13.860"
"LADAKH","37","KARGIL","750","32","5","3","24","0","2020-06-30T08:34:19.460"
"LADAKH","37","LEH LADAKH","751","36","9","0","26","1","2020-06-30T08:34:19.460"
"LAKSHADWEEP","31","LAKSHADWEEP DISTRICT","553","51","2","0","46","3","2020-06-30T08:34:24.997"
"PUDUCHERRY","34","KARAIKAL","601","675","255","45","1","374","2020-06-30T08:34:30.540"
"PUDUCHERRY","34","MAHE","600","26","6","1","0","19","2020-06-30T08:34:30.540"
"PUDUCHERRY","34","PONDICHERRY","599","6030","3011","357","14","2648","2020-06-30T08:34:30.540"
"PUDUCHERRY","34","YANAM","598","20","14","3","0","3","2020-06-30T08:34:30.540"
